ticker,periode,fin_periode,date_publication,revenue,croissance_revenue_yoy_pct,cost_of_revenue,gross_profit,sga,r_and_d,operating_expenses,operating_income,interest_expense,interest_investment_income,pretax_income,income_tax_expense,net_income,shares_basic,shares_diluted,eps_basic,eps_diluted,ebitda,da,marge_brute_pct,marge_operationnelle_pct,marge_nette_pct,marge_ebitda_pct,taux_impot_effectif_pct,operating_cash_flow,capex,free_cash_flow,fcf_par_action,marge_fcf_pct,stock_based_comp,investing_cash_flow,financing_cash_flow,rachat_actions,emission_actions,net_cash_flow,cash_equivalents,short_term_investments,cash_et_placements_ct,receivables,total_current_assets,total_assets,total_current_liabilities,total_liabilities,total_common_equity,shareholders_equity,total_debt,net_cash,working_capital,book_value_par_action,tangible_book_value,shares_outstanding_date_depot,shares_outstanding_total
PLTR,FY2021,2021-12-31,,1542,41.11,339.4,1202,1226,387.49,1614,-411.05,-3.64,1.61,-488.49,31.89,-520.38,1924,1924,-0.27,-0.27,-396.15,14.9,77.99,-26.66,-33.75,-25.69,,333.85,-12.63,321.22,0.17,20.83,778.22,-397.91,306.75,,507.46,238.77,2291.0,234.15,2525,190.92,2863,3247,660.06,956.42,2291,2291,260.07,2265,2203,1.13,2291,2030,2027
PLTR,FY2022,2022-12-31,,1906,23.61,408.55,1497,1299,359.68,1659,-161.2,,20.31,-361.03,10.07,-373.71,2064,2064,-0.18,-0.18,-138.68,22.52,78.56,-8.46,-19.61,-7.28,,223.74,-40.03,183.71,0.09,9.64,564.8,-45.43,86.0,,86.09,260.42,2599.0,35.14,2634,258.35,3042,3461,587.94,818.8,2565,2642,249.4,2384,2454,1.22,2565,2101,2099
PLTR,FY2023,2023-12-31,,2225,16.74,431.11,1794,1269,404.62,1674,119.97,,132.57,237.09,19.72,209.83,2147,2298,0.1,0.09,153.32,33.35,80.63,5.39,9.43,6.89,8.32,712.18,-15.11,697.07,0.3,31.33,475.9,-2711.0,218.84,,218.24,-1777.0,831.05,2843.0,3674,364.78,4139,4522,746.02,961.46,3476,3561,229.39,3445,3393,1.58,3450,2213,2200
PLTR,FY2024,2024-12-31,,2866,28.79,565.99,2300,1481,507.88,1989,310.4,,196.79,489.17,21.26,462.19,2250,2451,0.21,0.19,341.99,31.59,80.25,10.83,16.13,11.94,4.35,1154.0,-12.63,1141.0,0.47,39.83,691.64,-340.66,463.36,-282.48,745.4,1270.0,2099.0,3131.0,5230,575.05,5934,6341,996.02,1246.0,5003,5094,239.22,4991,4938,2.14,5003,2345,2339
PLTR,FY2025,2025-12-31,,4475,56.18,789.18,3686,1715,557.68,2272,1414.0,,229.18,1657.0,22.72,1625.0,2370,2565,0.69,0.63,1440.0,26.15,82.37,31.6,36.31,32.18,1.37,2134.0,-33.88,2101.0,0.82,46.94,684.03,-2784.0,-26.91,-156.1,129.11,-668.51,1424.0,5753.0,7177,1042.0,8358,8900,1176.0,1412.0,7387,7488,229.34,6948,7183,3.09,7387,2392,2391
PLTR,TTM,2026-06-30,,6156,78.92,935.94,5220,1944,641.24,2585,2635.0,,266.38,3072.0,41.11,3017.0,2390,2571,1.26,1.17,2663.0,27.98,84.8,42.8,49.0,43.25,1.34,3400.0,-42.02,3358.0,1.31,54.55,835.52,-2286.0,3.92,-156.1,43.66,1112.0,2030.0,7379.0,9409,1485.0,11100,11679,1536.0,1794.0,9774,9885,211.4,9198,9564,4.07,9774,2403,2403
NVDA,FY2022,2022-01-30,,26914,61.4,9439,17475,2166,5268,7434,10041,,29,9941,189,9752,,,,,11215,1174,,37.31,36.23,41.67,,9108,-976,8132,0.32,30.21,2004,,1865,-1904,281,1143,1990,19218,21208,4650,28829,44187,4335,,26612,26612,11831,9377,,,19924,,25060
NVDA,FY2023,2023-01-29,,26974,0.22,11618,15356,2440,7339,9779,5577,,267,4181,-187,4368,,,,,7121,1544,56.93,20.67,16.19,26.4,,5641,-1833,3808,0.15,14.12,2709,,-11617,-11514,355,1399,3389,9907,13296,3827,23073,41182,6563,,22101,22101,12031,1265,,,16053,,24700
NVDA,FY2024,2024-01-28,,60922,125.86,16621,44301,2654,8675,11329,32972,,866,33818,4058,29760,,,,,34480,1508,72.72,54.12,48.85,56.6,,28090,-1069,27021,1.08,44.35,3549,,-13633,-12316,403,3891,7280,18704,25984,9999,44345,65728,10631,,42978,42978,11056,14928,,,37436,,25000
NVDA,FY2025,2025-01-26,,130497,114.2,32639,97858,3491,12914,16405,81453,,1786,84026,11146,72880,,,,,83317,1864,74.99,62.42,55.85,63.85,,64089,-3236,60853,2.45,46.63,4737,,-42359,-40636,490,1309,8589,34621,43210,23065,80126,111601,18047,,79327,79327,9982,33228,,,73332,,24400
NVDA,FY2026,2026-01-25,,215938,65.47,62475,153463,4579,18497,23076,130387,,2300,141450,21383,120067,,,,,133230,2843,71.07,60.38,55.6,61.7,,102718,-6042,96676,3.94,44.77,6386,,-48474,-48034,644,2016,10605,51951,62556,38466,125605,206803,32163,,157293,157293,11412,51144,,,133155,,24300
NVDA,TTM,2026-07-26,,302970,83.38,76729,226241,5070,23592,28662,197579,-464,2229,229743,36863,192880,,,,,201266,3687,74.67,65.21,63.66,66.43,,134360,-7354,127006,5.21,41.92,7241,,-48547,-64414,789,10804,22443,40026,62469,63059,197412,320272,43019,,228984,228984,38860,23609,,,204861,,24100
SPACEX,FY2023,2023-12-31,,10387,,6110,4277,1665,2105,3770,507,-1693,249,-4991,-363,-4628,2760,2760,-1.68,-1.68,3142,2635,41.18,4.88,-44.56,30.25,,4520,-4415,105,0.04,1.01,679,-4867,422,,915,,,,,,,,,,,,,,,,,2760,2760
SPACEX,FY2024,2024-12-31,,14015,34.93,7996,6019,1813,3464,5277,742,-1580,371,242,-549,791,2850,2850,0.01,0.01,4566,3824,42.95,5.29,0.13,32.58,,5776,-11163,-5387,-1.89,-38.44,784,-10796,11830,-1243,13325,,11385,800,12185,1526,16108,57062,11791,31258,4863,25804,15434,-3249,4317,,-8477,3025,3025
SPACEX,FY2025,2025-12-31,,18674,33.24,9451,9223,2644,8643,11287,-2064,-1945,492,-4219,718,-4937,2925,2925,-1.69,-1.69,4967,7031,49.39,-11.05,-26.44,26.6,,6785,-20906,-14121,-4.83,-75.62,1947,-19575,26350,-1621,19135,293,24747,,24747,3017,30952,92079,21400,50754,2573,41325,24454,293,9552,0.84,-10784,3079,3079
SPACEX,TTM,2026-06-30,,23044,,11090,11954,3203,12190,15393,-3439,-2380,830,-7623,595,-8218,3914,3914,-2.27,-2.27,5897,9336,51.88,-14.92,-38.57,25.59,,9900,-42415,-32515,-8.31,-141.1,2723,-48030,117442,-5779,22568,102004,93522,6487,100009,4527,108047,192770,21122,65546,127224,127224,39708,60301,86925,9.66,114261,13182,13176
BRK.B,FY2021,2021-12-31,,276185,12.46,34051,115147,,,,115147,-4172,,111861,20912,89937,,,,,125865,10718,41.69,41.69,32.56,45.57,,39427,-13276,26151,,9.47,,29392,-28508,-27061,,40310,88184,58535,146719,39565,208089,,45234,443854,,,119253,27466,162855,342521.85,402687,,1.48
BRK.B,FY2022,2022-12-31,,302020,9.35,38162,-28011,,,,-28011,-4352,,-30500,-8502,-22759,,,,,-17112,10899,-9.27,-9.28,-7.54,-5.67,,37350,-15464,21886,,7.25,,-87601,-1662,-7854,,-52307,35811,92774,128585,48285,203413,,49540,466784,,,127683,902,153873,,364826,,1.46
BRK.B,FY2023,2023-12-31,,364482,20.68,38879,123196,,,,123196,-5003,,120166,23019,96223,,,,,135682,12486,33.8,33.8,26.4,37.23,,49196,-19409,29787,,8.17,,-32663,-14405,-9171,,2244,38022,129619,167641,51260,245712,,56986,499208,,,133570,34071,188726,389253.91,439507,,1.44
BRK.B,FY2024,2024-12-31,,371433,1.91,37292,113735,,,,113735,-5200,,110376,20815,88995,,,,,126590,12855,30.62,30.62,23.96,34.08,,30592,-18976,11616,,3.13,,-10287,-10360,-2918,,9733,47729,286472,334201,48390,410246,,68724,502226,,,130758,203443,341522,451367.2,529714,,1.44
BRK.B,FY2025,2025-12-31,,371444,0.0,36480,97118,,,,97118,-5069,,82459,15199,66968,,,,,110594,13476,26.15,26.15,18.03,29.77,,45969,-20927,25042,,6.74,,-44487,2233,,,4193,51877,321434,373311,48718,450345,,63723,502473,,,135371,237940,386622,498663.02,599503,,1.44
BRK.B,TTM,2026-06-30,,384687,3.93,37358,116685,,,,116685,-5195,,106943,20861,85768,,,,,130683,13998,30.33,30.33,22.3,33.97,,46634,-22419,24215,,6.3,,-106088,-763,-4444,,-59868,40609,324905,365514,53197,449437,,155456,512894,,,128599,236915,293981,522225.9,629802,,1.43
ASML,FY2021,2021-12-31,,18611,33.14,8802,9809,725.6,2547,3273,6536,-54.6,10,6905,1021,5883,,,,,6991,454.6,52.7,35.12,31.61,37.56,,10846,-900.7,9945,24.23,53.44,117.5,-72,-9892,-8560,49,902.4,6952,638.5,7627,4557,18190,30231,12298,,,,4746,2881,5892,25.19,,402.6,402.6
ASML,FY2022,2022-12-31,,21173,13.77,10473,10700,945.9,3254,4199,6501,-60.8,16.2,6594,969.9,5624,,,,,7081,580.3,50.54,30.7,26.56,33.44,,8487,-1282,7205,18.1,34.03,68.9,-1029,-7138,-4640,81.8,316.5,7268,107.7,7378,7047,23065,36300,17984,,,,4684,2694,5081,22.33,,394.59,394.59
ASML,FY2023,2023-12-31,,27559,30.16,13422,14136,1113,3981,5094,9042,-152.7,193.9,9275,1436,7839,,,,,9776,733.2,51.3,32.81,28.44,35.47,,5443,-2156,3288,8.34,11.93,134.8,-2689,-3004,-1000,99.4,-263.6,7005,5.4,7010,7257,24394,39958,16275,,,,4990,2021,8119,34.19,,393.42,393.42
ASML,FY2024,2024-12-31,,28263,2.56,13771,14492,1166,4304,5469,9023,-162.6,182.4,9252,1681,7572,,,,,9861,838.8,51.28,31.92,26.79,34.89,,11166,-2067,9099,23.12,32.19,172.6,-2609,-2832,-500,124,5731,12736,5.4,12751,5443,30737,48590,20051,,,,5065,7686,10686,46.98,,393.28,393.28
ASML,FY2025,2025-12-31,,32667,15.58,15409,17258,1258,4699,5957,11301,-118.3,223,11623,2013,9609,,,,,12266,965,52.83,34.59,29.42,37.55,,12659,-1574,11085,28.5,33.93,202.3,-3778,-8671,-5950,142.3,180.1,12916,405.9,13322,4619,30616,50567,24264,,,,4690,8632,6352,50.89,,385.42,385.42
ASML,TTM,2026-06-30,,35328,9.84,16698,18629,1283,4833,6116,12513,-118.3,219.9,12856,2217,10638,,,,,13488,975.1,52.73,35.42,30.11,38.18,,11487,-1446,10041,25.99,28.42,202.9,-4348,-7710,-3950,139.6,-571.6,6672,909.6,7582,8658,29549,50215,22155,,,,1984,5597,7395,56.82,,384.1,384.1
AMD,TTM,2026-06-27,,41305,39.54,18288,23017,4874,9394,16482,6535,-147,215,7567,1098,6434,1629,1650,3.95,3.9,,,,,,,,10080,-1677,8403,5.09,20.34,1895,-8293,-1143,-1182,331,644,5086,8025,13111,7281,31522,84464,12081,17240,,67224,4276,8835,19441,41.19,26119,1632,1632
AMD,FY2025,2025-12-27,,34639,34.34,16456,18183,4097,8091,14442,3741,-131,215,4166,-103,4335,1624,1636,2.67,2.65,,,,,,,,7709,-974,6735,4.12,19.44,1638,-5533,-431,-1923,285,1745,5539,5013,10552,6315,26947,76926,9455,13927,,62999,4006,6546,17492,38.65,21168,1630,1630
AMD,FY2024,2024-12-28,,25785,13.69,12114,13671,2735,6456,11585,2086,-92,182,2022,381,1641,1620,1637,1.01,1.0,,,,,,,,3041,-636,2405,1.47,9.33,1407,-1101,-2062,-1590,279,-122,3787,1345,5132,6192,19049,69226,7281,11658,,57568,2212,2920,11768,35.49,13799,1620,1622
AMD,FY2023,2023-12-30,,22680,-3.9,11278,11402,2318,5872,11001,401,-106,206,508,-346,854,1614,1625,0.53,0.53,,,,,,,,1667,-546,1121,0.69,4.94,1384,-1423,-1146,-1412,268,-902,3933,1840,5773,5385,16768,67885,6689,11993,,55892,3003,2770,10079,34.59,10267,1616,1616
AMD,FY2022,2022-12-31,,23601,43.61,11550,12051,2336,5005,10787,1264,-88,65,1198,-122,1320,1561,1571,0.85,0.84,,,,,,,,3565,-450,3115,1.98,13.2,1081,1999,-3264,-4108,167,2300,4835,1020,5855,4128,15019,67580,6369,12830,,54750,2863,2992,8650,33.96,6455,1611,1612
AMD,FY2021,2021-12-25,,16434,68.33,8505,7929,1448,2845,4281,3648,-34,8,3675,513,3162,1213,1229,2.61,2.57,,,,,,,,3521,-301,3220,2.62,19.59,379,-686,-1895,-1999,104,940,2535,1073,3608,2708,8583,12419,4240,4922,,7497,661,2947,4343,6.21,6885,1199,1207
TSLA,TTM,2026-06-30,,103619,11.76,84085,19534,7032,7730,15256,4278,-334,1744,5217,1353,3804,3233,3537,1.18,1.08,,,18.85,4.13,3.67,,,18685,-12923,5762,1.63,5.56,3798,-21834,2902,,1126,-310,15219,28305,43524,4192,68758,148524,35425,61666,,86858,16080,27444,33333,21.99,86858,3950,3949
TSLA,FY2025,2025-12-31,,94827,-2.93,77733,17094,5834,6411,12739,4355,-338,1680,5278,1423,3794,3225,3528,1.18,1.08,,,18.03,4.59,4.0,,,14747,-8527,6220,1.76,6.56,2825,-15478,1139,,1186,579,16513,27546,44059,4706,68642,137806,31714,55669,,82137,14719,29340,36928,21.9,82137,3752,3751
TSLA,FY2024,2024-12-31,,97690,0.95,80240,17450,5150,4540,9791,7659,-350,1569,8990,1837,7091,3197,3498,2.23,2.04,,,17.86,7.84,7.3,,,14923,-11342,3581,1.02,3.67,1999,-18787,3853,,1241,-152,16139,20424,36563,4570,58360,122070,28821,49157,,72913,13623,22940,29539,22.67,72913,3217,3216
TSLA,FY2023,2023-12-31,,96773,18.8,79113,17660,4800,3969,8769,8891,-156,1066,9973,-5001,14997,3174,3485,4.73,4.3,,,18.25,9.19,15.5,,,13256,-8899,4357,1.25,4.5,1812,,2589,,700,265,16398,12696,29094,3697,49616,106618,28748,43984,,62634,9573,19521,20868,19.67,62203,3185,3185
TSLA,FY2022,2022-12-31,,81462,51.35,60609,20853,3946,3075,7161,13692,-191,297,13719,1163,12556,3130,3475,4.02,3.62,,,25.6,16.81,15.45,,,14724,-7163,7561,2.18,9.28,1560,,-3527,,541,-1220,16253,5932,22185,3116,40917,82338,26709,37634,,44704,5748,16437,14208,14.13,44295,3164,3164
TSLA,FY2021,2021-12-31,,53823,70.67,40217,13606,4517,2593,7083,6523,-371,56,6343,824,5519,2959,3386,1.87,1.63,,,25.28,12.12,10.26,,,11497,-6514,4983,1.47,9.26,2121,,-5203,,707,-1757,17576,131,17707,1986,27100,62131,19705,31942,,30189,8873,8834,7395,9.74,29732,3101,3099
JPM,TTM,2026-06-30,,186328,13.79,,,41712,,,,,,83898,18831,65067,2726,2731,23.34,23.3,,,,,,,,-162534,,,,,,-185805,248149,-31670,,-110516,286120,,,,,5015069,,4640471,,374598,1343307,183112,,,,,
JPM,FY2025,2025-12-31,,168235,0.88,,,37991,,,,,,72595,15547,57048,2777,2782,20.05,20.02,,,,,,,,-147782,,,,,,-265565,269533,-31591,,-125979,314338,,,,,4424900,,4062462,,362438,1025995,261715,,,,,
JPM,FY2024,2024-12-31,,166775,14.49,,,34392,,,,,,75081,16610,58471,2874,2879,19.79,19.75,,,,,,,,-42012,,,,,,-163403,63447,-18830,,-154834,441847,,,,,4002814,,3658056,,344758,827030,,,,,,
JPM,FY2023,2023-12-31,,145670,19.1,,,31779,,,,,,61612,12060,49552,2939,2943,16.25,16.23,,,,,,,,12974,,,,,,67643,-25571,-9824,,56917,604576,,,,,3875393,,3547515,,327878,725772,,,,,,
JPM,FY2022,2022-12-31,,122306,-6.56,,,30933,,,,,,46166,8490,37676,2966,2970,12.1,12.09,,,,,,,,107119,,,,,,-137819,-126257,-3162,,-173600,540525,,,,,3665743,,3373411,,292332,621439,,,,,,
JPM,FY2021,2021-12-31,,130898,27.74,,,30236,,,,,,59562,11228,48334,3022,3027,15.39,15.36,,,,,,,,78084,,,,,,-129344,275993,-18408,,213225,721201,,,,,3743567,,3449440,,294127,623733,,,,,,
MSFT,FY2026,2026-06-30,,,,,,,,,,,,,,133749,,,,,,,,,,,,182935,-115948,66987,8.99,20.19,12405,,,,,,20935,55908,76843,108676,207710,758376,168825,315989,,442387,128813,-51970,38885,59.56,304127,7426,7427
MSFT,FY2025,2025-06-30,,,,,,,,,,,,,,101832,,,,,,,,,,,,136162,-64551,71611,9.59,25.42,11974,-74727,-52546,-22271,,-9307,30242,64323,94565,78105,191131,619003,141218,275524,,343479,112184,-17619,49913,46.2,201366,7433,7434
MSFT,FY2024,2024-06-30,,,,,,,,,,,,,,88136,,,,,,,,,,,,118548,-44477,74071,9.92,30.22,10734,-54985,-51699,-18420,,11927,18315,57216,75531,67424,159734,512163,125286,243686,,268477,97852,-22321,34448,36.11,121660,7433,7434
MSFT,FY2023,2023-06-30,,,,,,,,,,,,,,72361,,,,,,,,,,,,87582,-28107,59475,7.96,28.07,9611,-66004,-37757,-17254,,-16389,34704,76552,111256,57888,184257,411976,104149,205753,,206223,79441,31815,80108,27.75,128971,7430,7432
MSFT,FY2022,2022-06-30,,,,,,,,,,,,,,72738,,,,,,,,,,,,89035,-23886,65149,8.64,32.86,7502,-24133,-43935,-22245,,20773,13931,90818,104749,50361,169684,364840,95082,198298,,166542,78400,26349,74602,22.31,87720,7458,7464
